{
  "bounds": [
    [
      35.75113888888889,
      -83.74388888888889
    ],
    [
      39.74927777777778,
      -75.2538611111111
    ]
  ],
  "min_lat": 35.75113888888889,
  "max_lat": 39.74927777777778,
  "min_lon": -83.74388888888889,
  "max_lon": -75.2538611111111,
  "width_px": 1000,
  "height_px": 471
}