{
  "bounds": [
    [
      35.17283239292781,
      -85.68738996041732
    ],
    [
      40.70427449690375,
      -74.62953224183875
    ]
  ],
  "min_lat": 35.17283239292781,
  "max_lat": 40.70427449690375,
  "min_lon": -85.68738996041732,
  "max_lon": -74.62953224183875,
  "width_px": 1000,
  "height_px": 500
}